/*
Navicat MySQL Data Transfer

Source Server         : localhost
Source Server Version : 50617
Source Host           : localhost:3306
Source Database       : l4cms

Target Server Type    : MYSQL
Target Server Version : 50617
File Encoding         : 65001

Date: 2014-09-16 13:26:27
*/

SET FOREIGN_KEY_CHECKS=0;

-- ----------------------------
-- Table structure for categories
-- ----------------------------
DROP TABLE IF EXISTS `categories`;
CREATE TABLE `categories` (
  `id` int(10) unsigned NOT NULL AUTO_INCREMENT,
  `parent_id` int(11) NOT NULL,
  `name` varchar(255) COLLATE utf8_unicode_ci NOT NULL,
  `slug` varchar(255) COLLATE utf8_unicode_ci NOT NULL,
  `showon_menu` tinyint(3) NOT NULL,
  `showon_homepage` int(11) NOT NULL,
  `list_layout` varchar(255) COLLATE utf8_unicode_ci DEFAULT NULL,
  `item_layout` varchar(255) COLLATE utf8_unicode_ci DEFAULT NULL,
  `post_count` int(11) NOT NULL,
  `status` varchar(20) COLLATE utf8_unicode_ci NOT NULL DEFAULT 'on',
  `user_id` int(11) NOT NULL,
  `created_at` timestamp NOT NULL DEFAULT '0000-00-00 00:00:00',
  `updated_at` timestamp NOT NULL DEFAULT '0000-00-00 00:00:00',
  `deleted_at` timestamp NULL DEFAULT NULL,
  PRIMARY KEY (`id`)
) ENGINE=MyISAM AUTO_INCREMENT=26 DEFAULT CHARSET=utf8 COLLATE=utf8_unicode_ci;

-- ----------------------------
-- Records of categories
-- ----------------------------
INSERT INTO `categories` VALUES ('25', '0', 'test', 'test', '1', '1', null, null, '0', 'on', '1', '2014-09-11 09:25:05', '2014-09-11 09:25:05', null);

-- ----------------------------
-- Table structure for comments
-- ----------------------------
DROP TABLE IF EXISTS `comments`;
CREATE TABLE `comments` (
  `id` int(10) unsigned NOT NULL AUTO_INCREMENT,
  `parent_id` int(10) unsigned DEFAULT NULL,
  `post_id` int(10) unsigned NOT NULL,
  `user_id` int(10) unsigned NOT NULL,
  `content` text COLLATE utf8_unicode_ci NOT NULL,
  `created_at` timestamp NOT NULL DEFAULT '0000-00-00 00:00:00',
  `updated_at` timestamp NOT NULL DEFAULT '0000-00-00 00:00:00',
  PRIMARY KEY (`id`)
) ENGINE=InnoDB AUTO_INCREMENT=7 DEFAULT CHARSET=utf8 COLLATE=utf8_unicode_ci;

-- ----------------------------
-- Records of comments
-- ----------------------------
INSERT INTO `comments` VALUES ('1', null, '1', '1', 'Lorem ipsum dolor sit amet, mutat utinam nonumy ea mel.', '2014-08-20 05:22:33', '2014-08-20 05:22:33');
INSERT INTO `comments` VALUES ('2', null, '1', '2', 'Lorem ipsum dolor sit amet, sale ceteros liberavisse duo ex, nam mazim maiestatis dissentiunt no. Iusto nominavi cu sed, has.', '2014-08-24 07:22:33', '2014-08-24 07:22:33');
INSERT INTO `comments` VALUES ('3', null, '1', '1', 'Et consul eirmod feugait mel! Te vix iuvaret feugiat repudiandae. Solet dolore lobortis mei te, saepe habemus imperdiet ex vim. Consequat signiferumque per no, ne pri erant vocibus invidunt te.', '2014-09-03 09:22:33', '2014-09-03 09:22:33');
INSERT INTO `comments` VALUES ('4', null, '2', '1', 'Lorem ipsum dolor sit amet, mutat utinam nonumy ea mel.', '2014-09-03 05:22:33', '2014-09-03 05:22:33');
INSERT INTO `comments` VALUES ('5', null, '2', '2', 'Lorem ipsum dolor sit amet, sale ceteros liberavisse duo ex, nam mazim maiestatis dissentiunt no. Iusto nominavi cu sed, has.', '2014-09-05 07:22:33', '2014-09-05 07:22:33');
INSERT INTO `comments` VALUES ('6', null, '3', '1', 'Lorem ipsum dolor sit amet, mutat utinam nonumy ea mel.', '2014-09-05 05:22:33', '2014-09-05 05:22:33');

-- ----------------------------
-- Table structure for groups
-- ----------------------------
DROP TABLE IF EXISTS `groups`;
CREATE TABLE `groups` (
  `id` int(10) unsigned NOT NULL AUTO_INCREMENT,
  `name` varchar(255) COLLATE utf8_unicode_ci NOT NULL,
  `permissions` text COLLATE utf8_unicode_ci,
  `created_at` timestamp NOT NULL DEFAULT '0000-00-00 00:00:00',
  `updated_at` timestamp NOT NULL DEFAULT '0000-00-00 00:00:00',
  PRIMARY KEY (`id`),
  UNIQUE KEY `groups_name_unique` (`name`)
) ENGINE=InnoDB AUTO_INCREMENT=2 DEFAULT CHARSET=utf8 COLLATE=utf8_unicode_ci;

-- ----------------------------
-- Records of groups
-- ----------------------------
INSERT INTO `groups` VALUES ('1', 'Admin', '{\"admin\":1,\"users\":1}', '2014-09-07 03:22:32', '2014-09-07 03:22:32');

-- ----------------------------
-- Table structure for migrations
-- ----------------------------
DROP TABLE IF EXISTS `migrations`;
CREATE TABLE `migrations` (
  `migration` varchar(255) COLLATE utf8_unicode_ci NOT NULL,
  `batch` int(11) NOT NULL
) ENGINE=InnoDB DEFAULT CHARSET=utf8 COLLATE=utf8_unicode_ci;

-- ----------------------------
-- Records of migrations
-- ----------------------------
INSERT INTO `migrations` VALUES ('2012_12_06_225921_migration_cartalyst_sentry_install_users', '1');
INSERT INTO `migrations` VALUES ('2012_12_06_225929_migration_cartalyst_sentry_install_groups', '1');
INSERT INTO `migrations` VALUES ('2012_12_06_225945_migration_cartalyst_sentry_install_users_groups_pivot', '1');
INSERT INTO `migrations` VALUES ('2012_12_06_225988_migration_cartalyst_sentry_install_throttle', '1');
INSERT INTO `migrations` VALUES ('2013_01_19_011903_create_posts_table', '2');
INSERT INTO `migrations` VALUES ('2013_01_19_044505_create_comments_table', '2');
INSERT INTO `migrations` VALUES ('2013_03_23_193214_update_users_table', '2');

-- ----------------------------
-- Table structure for posts
-- ----------------------------
DROP TABLE IF EXISTS `posts`;
CREATE TABLE `posts` (
  `id` int(10) unsigned NOT NULL AUTO_INCREMENT,
  `user_id` int(10) unsigned NOT NULL,
  `title` varchar(255) COLLATE utf8_unicode_ci NOT NULL,
  `slug` varchar(255) COLLATE utf8_unicode_ci NOT NULL,
  `content` text COLLATE utf8_unicode_ci NOT NULL,
  `meta_title` varchar(255) COLLATE utf8_unicode_ci DEFAULT NULL,
  `meta_description` varchar(255) COLLATE utf8_unicode_ci DEFAULT NULL,
  `meta_keywords` varchar(255) COLLATE utf8_unicode_ci DEFAULT NULL,
  `created_at` timestamp NOT NULL DEFAULT '0000-00-00 00:00:00',
  `updated_at` timestamp NOT NULL DEFAULT '0000-00-00 00:00:00',
  PRIMARY KEY (`id`)
) ENGINE=InnoDB AUTO_INCREMENT=4 DEFAULT CHARSET=utf8 COLLATE=utf8_unicode_ci;

-- ----------------------------
-- Records of posts
-- ----------------------------
INSERT INTO `posts` VALUES ('1', '1', 'Lorem ipsum dolor sit amet', 'lorem-ipsum-dolor-sit-amet', 'In mea autem etiam menandri, quot elitr vim ei, eos semper disputationi id? Per facer appetere eu, duo et animal maiestatis. Omnesque invidunt mnesarchum ex mel, vis no case senserit dissentias. Te mei minimum singulis inimicus, ne labores accusam necessitatibus vel, vivendo nominavi ne sed. Posidonium scriptorem consequuntur cum ex? Posse fabulas iudicabit in nec, eos cu electram forensibus, pro ei commodo tractatos reformidans. Qui eu lorem augue alterum, eos in facilis pericula mediocritatem?\n\nEst hinc legimus oporteat in. Sit ei melius delicatissimi. Duo ex qualisque adolescens! Pri cu solum aeque. Aperiri docendi vituperatoribus has ea!\n\nSed ut ludus perfecto sensibus, no mea iisque facilisi. Choro tation melius et mea, ne vis nisl insolens. Vero autem scriptorem cu qui? Errem dolores no nam, mea tritani platonem id! At nec tantas consul, vis mundi petentium elaboraret ex, mel appareat maiestatis at.\n\nSed et eros concludaturque. Mel ne aperiam comprehensam! Ornatus delicatissimi eam ex, sea an quidam tritani placerat? Ad eius iriure consequat eam, mazim temporibus conclusionemque eum ex.\n\nTe amet sumo usu, ne autem impetus scripserit duo, ius ei mutat labore inciderint! Id nulla comprehensam his? Ut eam deleniti argumentum, eam appellantur definitionem ad. Pro et purto partem mucius!\n\nCu liber primis sed, esse evertitur vis ad. Ne graeco maiorum mea! In eos nostro docendi conclusionemque. Ne sit audire blandit tractatos? An nec dicam causae meliore, pro tamquam offendit efficiendi ut.\n\nTe dicta sadipscing nam, denique albucius conclusionemque ne usu, mea eu euripidis philosophia! Qui at vivendo efficiendi! Vim ex delenit blandit oportere, in iriure placerat cum. Te cum meis altera, ius ex quis veri.\n\nMutat propriae eu has, mel ne veri bonorum tincidunt. Per noluisse sensibus honestatis ut, stet singulis ea eam, his dicunt vivendum mediocrem ei. Ei usu mutat efficiantur, eum verear aperiam definitiones an! Simul dicam instructior ius ei. Cu ius facer doming cotidieque! Quot principes eu his, usu vero dicat an.\n\nEx dicta perpetua qui, pericula intellegam scripserit id vel. Id fabulas ornatus necessitatibus mel. Prompta dolorem appetere ea has. Vel ad expetendis instructior!\n\nTe his dolorem adversarium? Pri eu rebum viris, tation molestie id pri. Mel ei stet inermis dissentias. Sed ea dolorum detracto vituperata. Possit oportere similique cu nec, ridens animal quo ex?', null, null, null, '2014-08-18 03:22:33', '2014-08-18 03:22:33');
INSERT INTO `posts` VALUES ('2', '1', 'Vivendo suscipiantur vim te vix', 'vivendo-suscipiantur-vim-te-vix', 'In mea autem etiam menandri, quot elitr vim ei, eos semper disputationi id? Per facer appetere eu, duo et animal maiestatis. Omnesque invidunt mnesarchum ex mel, vis no case senserit dissentias. Te mei minimum singulis inimicus, ne labores accusam necessitatibus vel, vivendo nominavi ne sed. Posidonium scriptorem consequuntur cum ex? Posse fabulas iudicabit in nec, eos cu electram forensibus, pro ei commodo tractatos reformidans. Qui eu lorem augue alterum, eos in facilis pericula mediocritatem?\n\nEst hinc legimus oporteat in. Sit ei melius delicatissimi. Duo ex qualisque adolescens! Pri cu solum aeque. Aperiri docendi vituperatoribus has ea!\n\nSed ut ludus perfecto sensibus, no mea iisque facilisi. Choro tation melius et mea, ne vis nisl insolens. Vero autem scriptorem cu qui? Errem dolores no nam, mea tritani platonem id! At nec tantas consul, vis mundi petentium elaboraret ex, mel appareat maiestatis at.\n\nSed et eros concludaturque. Mel ne aperiam comprehensam! Ornatus delicatissimi eam ex, sea an quidam tritani placerat? Ad eius iriure consequat eam, mazim temporibus conclusionemque eum ex.\n\nTe amet sumo usu, ne autem impetus scripserit duo, ius ei mutat labore inciderint! Id nulla comprehensam his? Ut eam deleniti argumentum, eam appellantur definitionem ad. Pro et purto partem mucius!\n\nCu liber primis sed, esse evertitur vis ad. Ne graeco maiorum mea! In eos nostro docendi conclusionemque. Ne sit audire blandit tractatos? An nec dicam causae meliore, pro tamquam offendit efficiendi ut.\n\nTe dicta sadipscing nam, denique albucius conclusionemque ne usu, mea eu euripidis philosophia! Qui at vivendo efficiendi! Vim ex delenit blandit oportere, in iriure placerat cum. Te cum meis altera, ius ex quis veri.\n\nMutat propriae eu has, mel ne veri bonorum tincidunt. Per noluisse sensibus honestatis ut, stet singulis ea eam, his dicunt vivendum mediocrem ei. Ei usu mutat efficiantur, eum verear aperiam definitiones an! Simul dicam instructior ius ei. Cu ius facer doming cotidieque! Quot principes eu his, usu vero dicat an.\n\nEx dicta perpetua qui, pericula intellegam scripserit id vel. Id fabulas ornatus necessitatibus mel. Prompta dolorem appetere ea has. Vel ad expetendis instructior!\n\nTe his dolorem adversarium? Pri eu rebum viris, tation molestie id pri. Mel ei stet inermis dissentias. Sed ea dolorum detracto vituperata. Possit oportere similique cu nec, ridens animal quo ex?', null, null, null, '2014-08-30 03:22:33', '2014-08-30 03:22:33');
INSERT INTO `posts` VALUES ('3', '1', 'In iisque similique reprimique eum', 'in-iisque-similique-reprimique-eum', 'In mea autem etiam menandri, quot elitr vim ei, eos semper disputationi id? Per facer appetere eu, duo et animal maiestatis. Omnesque invidunt mnesarchum ex mel, vis no case senserit dissentias. Te mei minimum singulis inimicus, ne labores accusam necessitatibus vel, vivendo nominavi ne sed. Posidonium scriptorem consequuntur cum ex? Posse fabulas iudicabit in nec, eos cu electram forensibus, pro ei commodo tractatos reformidans. Qui eu lorem augue alterum, eos in facilis pericula mediocritatem?\n\nEst hinc legimus oporteat in. Sit ei melius delicatissimi. Duo ex qualisque adolescens! Pri cu solum aeque. Aperiri docendi vituperatoribus has ea!\n\nSed ut ludus perfecto sensibus, no mea iisque facilisi. Choro tation melius et mea, ne vis nisl insolens. Vero autem scriptorem cu qui? Errem dolores no nam, mea tritani platonem id! At nec tantas consul, vis mundi petentium elaboraret ex, mel appareat maiestatis at.\n\nSed et eros concludaturque. Mel ne aperiam comprehensam! Ornatus delicatissimi eam ex, sea an quidam tritani placerat? Ad eius iriure consequat eam, mazim temporibus conclusionemque eum ex.\n\nTe amet sumo usu, ne autem impetus scripserit duo, ius ei mutat labore inciderint! Id nulla comprehensam his? Ut eam deleniti argumentum, eam appellantur definitionem ad. Pro et purto partem mucius!\n\nCu liber primis sed, esse evertitur vis ad. Ne graeco maiorum mea! In eos nostro docendi conclusionemque. Ne sit audire blandit tractatos? An nec dicam causae meliore, pro tamquam offendit efficiendi ut.\n\nTe dicta sadipscing nam, denique albucius conclusionemque ne usu, mea eu euripidis philosophia! Qui at vivendo efficiendi! Vim ex delenit blandit oportere, in iriure placerat cum. Te cum meis altera, ius ex quis veri.\n\nMutat propriae eu has, mel ne veri bonorum tincidunt. Per noluisse sensibus honestatis ut, stet singulis ea eam, his dicunt vivendum mediocrem ei. Ei usu mutat efficiantur, eum verear aperiam definitiones an! Simul dicam instructior ius ei. Cu ius facer doming cotidieque! Quot principes eu his, usu vero dicat an.\n\nEx dicta perpetua qui, pericula intellegam scripserit id vel. Id fabulas ornatus necessitatibus mel. Prompta dolorem appetere ea has. Vel ad expetendis instructior!\n\nTe his dolorem adversarium? Pri eu rebum viris, tation molestie id pri. Mel ei stet inermis dissentias. Sed ea dolorum detracto vituperata. Possit oportere similique cu nec, ridens animal quo ex?', null, null, null, '2014-09-03 03:22:33', '2014-09-03 03:22:33');

-- ----------------------------
-- Table structure for throttle
-- ----------------------------
DROP TABLE IF EXISTS `throttle`;
CREATE TABLE `throttle` (
  `id` int(10) unsigned NOT NULL AUTO_INCREMENT,
  `user_id` int(10) unsigned NOT NULL,
  `ip_address` varchar(255) COLLATE utf8_unicode_ci DEFAULT NULL,
  `attempts` int(11) NOT NULL DEFAULT '0',
  `suspended` tinyint(1) NOT NULL DEFAULT '0',
  `banned` tinyint(1) NOT NULL DEFAULT '0',
  `last_attempt_at` timestamp NULL DEFAULT NULL,
  `suspended_at` timestamp NULL DEFAULT NULL,
  `banned_at` timestamp NULL DEFAULT NULL,
  PRIMARY KEY (`id`)
) ENGINE=InnoDB AUTO_INCREMENT=3 DEFAULT CHARSET=utf8 COLLATE=utf8_unicode_ci;

-- ----------------------------
-- Records of throttle
-- ----------------------------
INSERT INTO `throttle` VALUES ('1', '1', '127.0.0.1', '0', '0', '0', null, null, null);
INSERT INTO `throttle` VALUES ('2', '2', '127.0.0.1', '1', '0', '0', '2014-09-10 01:49:07', null, null);

-- ----------------------------
-- Table structure for users
-- ----------------------------
DROP TABLE IF EXISTS `users`;
CREATE TABLE `users` (
  `id` int(10) unsigned NOT NULL AUTO_INCREMENT,
  `email` varchar(255) COLLATE utf8_unicode_ci NOT NULL,
  `password` varchar(255) COLLATE utf8_unicode_ci NOT NULL,
  `permissions` text COLLATE utf8_unicode_ci,
  `activated` tinyint(1) NOT NULL DEFAULT '0',
  `activation_code` varchar(255) COLLATE utf8_unicode_ci DEFAULT NULL,
  `activated_at` timestamp NULL DEFAULT NULL,
  `last_login` timestamp NULL DEFAULT NULL,
  `persist_code` varchar(255) COLLATE utf8_unicode_ci DEFAULT NULL,
  `reset_password_code` varchar(255) COLLATE utf8_unicode_ci DEFAULT NULL,
  `first_name` varchar(255) COLLATE utf8_unicode_ci DEFAULT NULL,
  `last_name` varchar(255) COLLATE utf8_unicode_ci DEFAULT NULL,
  `created_at` timestamp NOT NULL DEFAULT '0000-00-00 00:00:00',
  `updated_at` timestamp NOT NULL DEFAULT '0000-00-00 00:00:00',
  `deleted_at` timestamp NULL DEFAULT NULL,
  `website` varchar(255) COLLATE utf8_unicode_ci DEFAULT NULL,
  `country` varchar(255) COLLATE utf8_unicode_ci DEFAULT NULL,
  `gravatar` varchar(255) COLLATE utf8_unicode_ci DEFAULT NULL,
  PRIMARY KEY (`id`),
  UNIQUE KEY `users_email_unique` (`email`)
) ENGINE=InnoDB AUTO_INCREMENT=3 DEFAULT CHARSET=utf8 COLLATE=utf8_unicode_ci;

-- ----------------------------
-- Records of users
-- ----------------------------
INSERT INTO `users` VALUES ('1', 'dungdn@dungdn.com', '$2y$10$myAPEphBXklCBRF35eQt/uI12Ytxf89ONZtoDGPaMI3dIlRQsN/NS', '{\"admin\":1,\"user\":1}', '1', null, null, '2014-09-16 06:24:15', '$2y$10$piqTgNX6LCbwrEWoU2QzLO/A5DhzUNoFtOTiQY5.LDZkUMvcqT/vC', null, 'Dung', 'Dinh', '2014-09-07 03:22:32', '2014-09-16 06:24:15', null, null, null, null);
INSERT INTO `users` VALUES ('2', 'john.doe@example.com', '$2y$10$E71FwwkK6Lml5dh5dihbPeIAtDestXlNN0zE/d7PbaZj8z99FWnMm', null, '1', null, null, null, null, null, 'John', 'Doe', '2014-09-07 03:22:33', '2014-09-11 07:29:13', '2014-09-11 07:29:13', null, null, null);

-- ----------------------------
-- Table structure for users_groups
-- ----------------------------
DROP TABLE IF EXISTS `users_groups`;
CREATE TABLE `users_groups` (
  `user_id` int(10) unsigned NOT NULL,
  `group_id` int(10) unsigned NOT NULL,
  PRIMARY KEY (`user_id`,`group_id`)
) ENGINE=InnoDB DEFAULT CHARSET=utf8 COLLATE=utf8_unicode_ci;

-- ----------------------------
-- Records of users_groups
-- ----------------------------
INSERT INTO `users_groups` VALUES ('1', '1');
